Name,Sequence
CRBN_FL,MAGEGDQQDAAHNMGNHLPLLPAESEEEDEMEVEDQDSKEAKKPNIINFDTSLPTSHTYLGADMEEFHGRTLHDDDSCQVIPVLPQVMMILIPGQTLPLQLFHPQEVSMVRNLIQKDRTFAVLAYSNVQEREAQFGTTAEIYAYREEQDFGIEIVKVKAIGRQRFKVLELRTQSDGIQQAKVQILPECVLPSTMSAVQLESLNKCQIFPSKPVSREDQCSYKWWQKYQKRKFHCANLTSWPRWLYSLYDAETLMDRIKKQLREWDENLKDDSLPSNPIDFSYRVAACLPIDDVLRIQLLKIGSAIQRLRCELDIMNKCTSLCCKQCQETEITTKNEIFSLSLCGPMAAYVNPHGYVHETLTVYKACNLNLIGRPSTEHSWFPGYAWTVAQCKICASHIGWKFTATKKDMSPQKFWGLTRSALLPTIPDTEDEISPDKVILCL
FBXO3_FL,MAAMETETAPLTLESLPTDPLLLILSFLDYRDLINCCYVSRRLSQLSSHDPLWRRHCKKYWLISEEEKTQKNQCWKSLFIDTYSDVGRYIDHYAAIKKAWDDLKKYLEPRCPRMVLSLKEGAREEDLDAVEAQIGCKLPDDYRCSYRIHNGQKLVVPGLLGSMALSNHYRSEDLLDVDTAAGGFQQRQGLKYCLPLTFCIHTGLSQYIAVEAAEGRNKNEVFYQCPDQMARNPAAIDMFIIGATFTDWFTSYVKNVVSGGFPIIRDQIFRYVHDPECVATTGDITVSVSTSFLPELSSVHPPHYFFTYRIRIEMSKDALPEKACQLDSRYWRITNAKGDVEEVQGPGVVGEFPIISPGRVYEYTSCTTFSTTSGYMEGYYTFHFLYFKDKIFNVAIPRFHMACPTFRVSIARLEMGPDEYEEMEEEEEEEEEEDEDDDSADMDESDEDDEEERRRRVFDVPIRRRRCSRLF
KLHL6_FL,MLMAGQRGAWTMGDVVEKSLEGPLAPSTDEPSQKTGDLVEILNGEKVKFDDAGLSLILQNGLETLRMENALTDVILCVDIQEFSCHRVVLAAASNYFRAMFCNDLKEKYEKRIIIKGVDAETMHTLLDYTYTSKALITKQNVQRVLEAANLFQFLRMVDACASFLTEALNPENCVGILRLADTHSLDSLKKQVQSYIIQNFVQILNSEEFLDLPVDTLHHILKSDDLYVTEEAQVFETVMSWVRHKPSERLCLLPYVLENVRLPLLDPWYFVETVEADPLIRQCPEVFPLLQEARMYHLSGNEIISERTKPRMHEFQSEVFMIIGGCTKDERFVAEVTCLDPLRRSRLEVAKLPLTEHELESENKKWVEFACVTLKNEVYISGGKETQHDVWKYNSSINKWIQIEYLNIGRWRHKMVVLGGKVYVIGGFDGLQRINNVETYDPFHNCWSEAAPLLVHVSSFAATSHKKKLYVIGGGPNGKLATDKTQCYDPSTNKWSLKAAMPVEAKCINAVSFRDRIYVVGGAMRALYAYSPLEDSWCLVTQLSHERASCGIAPCNNRLYITGGRDEKNEVIATVLCWDPEAQKLTEECVLPRGVSHHGSVTIRKSYTHIRRIVPGAVSV
VHL_FL,MPRRAENWDEAEVGAEEAGVEEYGPEEDGGEESGAEESGPEESGPEELGAEEEMEAGRPRPVLRSVNSREPSQVIFCNRSPRVVLPVWLNFDGEPQPYPTLPPGTGRRIHSYRGHLWLFRDAGTHDGLLVNQTELFVPSLNVDGQPIFANITLPVYTLKERCLQVVRSLVKPENYRRLDIVRSLYEDLEDHPNVQKDLERLTQERIAHQRMGD
FBXW7_FL,MNQELLSVGSKRRRTGGSLRGNPSSSQVDEEQMNRVVEEEQQQQLRQQEEEHTARNGEVVGVEPRPGGQNDSQQGQLEENNNRFISVDEDSSGNQEEQEEDEEHAGEQDEEDEEEEEMDQESDDFDQSDDSSREDEHTHTNSVTNSSSIVDLPVHQLSSPFYTKTTKMKRKLDHGSEVRSFSLGKKPCKVSEYTSTTGLVPCSATPTTFGDLRAANGQGQQRRRITSVQPPTGLQEWLKMFQSWSGPEKLLALDELIDSCEPTQVKHMMQVIEPQFQRDFISLLPKELALYVLSFLEPKDLLQAAQTCRYWRILAEDNLLWREKCKEEGIDEPLHIKRRKVIKPGFIHSPWKSAYIRQHRIDTNWRRGELKSPKVLKGHDDHVITCLQFCGNRIVSGSDDNTLKVWSAVTGKCLRTLVGHTGGVWSSQMRDNIIISGSTDRTLKVWNAETGECIHTLYGHTSTVRCMHLHEKRVVSGSRDATLRVWDIETGQCLHVLMGHVAAVRCVQYDGRRVVSGAYDFMVKVWDPETETCLHTLQGHTNRVYSLQFDGIHVVSGSLDTSIRVWDVETGNCIHTLTGHQSLTSGMELKDNILVSGNADSTVKIWDIKTGQCLQTLQGPNKHQSAVTCLQFNKNFVITSSDDGTVKLWDLKTGEFIRNLVTLESGGSGGVVWRIRASNTKLVCAVGSRNGTEETKLLVLDFDVDMK
BTRC_FL,MDPAEAVLQEKALKFMCSMPRSLWLGCSSLADSMPSLRCLYNPGTGALTAFQNSSEREDCNNGEPPRKIIPEKNSLRQTYNSCARLCLNQETVCLASTAMKTENCVAKTKLANGTSSMIVPKQRKLSASYEKEKELCVKYFEQWSESDQVEFVEHLISQMCHYQHGHINSYLKPMLQRDFITALPARGLDHIAENILSYLDAKSLCAAELVCKEWYRVTSDGMLWKKLIERMVRTDSLWRGLAERRGWGQYLFKNKPPDGNAPPNSFYRALYPKIIQDIETIESNWRCGRHSLQRIHCRSETSKGVYCLQYDDQKIVSGLRDNTIKIWDKNTLECKRILTGHTGSVLCLQYDERVIITGSSDSTVRVWDVNTGEMLNTLIHHCEAVLHLRFNNGMMVTCSKDRSIAVWDMASPTDITLRRVLVGHRAAVNVVDFDDKYIVSASGDRTIKVWNTSTCEFVRTLNGHKRGIACLQYRDRLVVSGSSDNTIRLWDIECGACLRVLEGHEELVRCIRFDNKRIVSGAYDGKIKVWDLVAALDPRAPAGTLCLRTLVEHSGRVFRLQFDEFQIVSSSHDDTILIWDFLNDPAAQAEPPRSPSRTYTYISR
KLHDC2_FL,MADGNEDLRADDLPGPAFESYESMELACPAERSGHVAVSDGRHMFVWGGYKSNQVRGLYDFYLPREELWIYNMETGRWKKINTEGDVPPSMSGSCAVCVDRVLYLFGGHHSRGNTNKFYMLDSRSTDRVLQWERIDCQGIPPSSKDKLGVWVYKNKLIFFGGYGYLPEDKVLGTFEFDETSFWNSSHPRGWNDHVHILDTETFTWSQPITTGKAPSPRAAHACATVGNRGFVFGGRYRDARMNDLHYLNLDTWEWNELIPQGICPVGRSWHSLTPVSSDHLFLFGGFTTDKQPLSDAWTYCISKNEWIQFNHPYTEKPRLWHTACASDEGEVIVFGGCANNLLVHHRAAHSNEILIFSVQPKSLVRLSLEAVICFKEMLANSWNCLPKHLLHSVNQRFGSNNTSGS
KLHL12_FL,MGGIMAPKDIMTNTHAKSILNSMNSLRKSNTLCDVTLRVEQKDFPAHRIVLAACSDYFCAMFTSELSEKGKPYVDIQGLTASTMEILLDFVYTETVHVTVENVQELLPAACLLQLKGVKQACCEFLESQLDPSNCLGIRDFAETHNCVDLMQAAEVFSQKHFPEVVQHEEFILLSQGEVEKLIKCDEIQVDSEEPVFEAVINWVKHAKKEREESLPNLLQYVRMPLLTPRYITDVIDAEPFIRCSLQCRDLVDEAKKFHLRPELRSQMQGPRTRARLGANEVLLVVGGFGSQQSPIDVVEKYDPKTQEWSFLPSITRKRRYVASVSLHDRIYVIGGYDGRSRLSSVECLDYTADEDGVWYSVAPMNVRRGLAGATTLGDMIYVSGGFDGSRRHTSMERYDPNIDQWSMLGDMQTAREGAGLVVASGVIYCLGGYDGLNILNSVEKYDPHTGHWTNVTPMATKRSGAGVALLNDHIYVVGGFDGTAHLSSVEAYNIRTDSWTTVTSMTTPRCYVGATVLRGRLYAIAGYDGNSLLSSIECYDPIIDSWEVVTSMGTQRCDAGVCVLREK
SKP2_FL,MHRKHLQEIPDLSSNVATSFTWGWDSSKTSELLSGMGVSALEKEEPDSENIPQELLSNLGHPESPPRKRLKSKGSDKDFVIVRRPKLNRENFPGVSWDSLPDELLLGIFSCLCLPELLKVSGVCKRWYRLASDESLWQTLDLTGKNLHPDVTGRLLSQGVIAFRCPRSFMDQPLAEHFSPFRVQHMDLSNSVIEVSTLHGILSQCSKLQNLSLEGLRLSDPIVNTLAKNSNLVRLNLSGCSGFSEFALQTLLSSCSRLDELNLSWCFDFTEKHVQVAVAHVSETITQLNLSGYRKNLQKSDLSTLVRRCPNLVHLDLSDSVMLKNDCFQEFFQLNYLQHLSLSRCYDIIPETLLELGEIPTLKTLQVFGIVPDGTLQLLKEALPHLQINCSHFTTIARPTIGNKKNQEIWGIKCRLTLQKPSCL
DCAF5_FL,MKRRAGLGGSMRSVVGFLSQRGLHGDPLLTQDFQRRRLRGCRNLYKKDLLGHFGCVNAIEFSNNGGQWLVSGGDDRRVLLWHMEQAIHSRVKPIQLKGEHHSNIFCLAFNSGNTKVFSGGNDEQVILHDVESSETLDVFAHEDAVYGLSVSPVNDNIFASSSDDGRVLIWDIRESPHGEPFCLANYPSAFHSVMFNPVEPRLLATANSKEGVGLWDIRKPQSSLLRYGGNLSLQSAMSVRFNSNGTQLLALRRRLPPVLYDIHSRLPVFQFDNQGYFNSCTMKSCCFAGDRDQYILSGSDDFNLYMWRIPADPEAGGIGRVVNGAFMVLKGHRSIVNQVRFNPHTYMICSSGVEKIIKIWSPYKQPGCTGDLDGRIEDDSRCLYTHEEYISLVLNSGSGLSHDYANQSVQEDPRMMAFFDSLVRREIEGWSSDSDSDLSESTILQLHAGVSERSGYTDSESSASLPRSPPPTVDESADNAFHLGPLRVTTTNTVASTPPTPTCEDAASRQQRLSALRRYQDKRLLALSNESDSEENVCEVELDTDLFPRPRSPSPEDESSSSSSSSSSEDEEELNERRASTWQRNAMRRRQKTTREDKPSAPIKPTNTYIGEDNYDYPQIKVDDLSSSPTSSPERSTSTLEIQPSRASPTSDIESVERKIYKAYKWLRYSYISYSNNKDGETSLVTGEADEGRAGTSHKDNPAPSSSKEACLNIAMAQRNQDLPPEGCSKDTFKEETPRTPSNGPGHEHSSHAWAEVPEGTSQDTGNSGSVEHPFETKKLNGKALSSRAEEPPSPPVPKASGSTLNSGSGNCPRTQSDDSEERSLETICANHNNGRLHPRPPHPHNNGQNLGELEVVAYSSPGHSDTDRDNSSLTGTLLHKDCCGSEMACETPNAGTREDPTDTPATDSSRAVHGHSGLKRQRIELEDTDSENSSSEKKLKT
DCAF15_FL,MAPSSKSERNSGAGSGGGGPGGAGGKRAAGRRREHVLKQLERVKISGQLSPRLFRKLPPRVCVSLKNIVDEDFLYAGHIFLGFSKCGRYVLSYTSSSGDDDFSFYIYHLYWWEFNVHSKLKLVRQVRLFQDEEIYSDLYLTVCEWPSDASKVIVFGFNTRSANGMLMNMMMMSDENHRDIYVSTVAVPPPGRCAACQDASRAHPGDPNAQCLRHGFMLHTKYQVVYPFPTFQPAFQLKKDQVVLLNTSYSLVACAVSVHSAGDRSFCQILYDHSTCPLAPASPPEPQSPELPPALPSFCPEAAPARSSGSPEPSPAIAKAKEFVADIFRRAKEAKGGVPEEARPALCPGPSGSRCRAHSEPLALCGETAPRDSPPASEAPASEPGYVNYTKLYYVLESGEGTEPEDELEDDKISLPFVVTDLRGRNLRPMRERTAVQGQYLTVEQLTLDFEYVINEVIRHDATWGHQFCSFSDYDIVILEVCPETNQVLINIGLLLLAFPSPTEEGQLRPKTYHTSLKVAWDLNTGIFETVSVGDLTEVKGQTSGSVWSSYRKSCVDMVMKWLVPESSGRYVNRMTNEALHKGCSLKVLADSERYTWIVL
DTL_FL,MLFNSVLRQPQLGVLRNGWSSQYPLQSLLTGYQCSGNDEHTSYGETGVPVPPFGCTFSSAPNMEHVLAVANEEGFVRLYNTESQSFRKKCFKEWMAHWNAVFDLAWVPGELKLVTAAGDQTAKFWDVKAGELIGTCKGHQCSLKSVAFSKFEKAVFCTGGRDGNIMVWDTRCNKKDGFYRQVNQISGAHNTSDKQTPSKPKKKQNSKGLAPSVDFQQSVTVVLFQDENTLVSAGAVDGIIKVWDLRKNYTAYRQEPIASKSFLYPGSSTRKLGYSSLILDSTGSTLFANCTDDNIYMFNMTGLKTSPVAIFNGHQNSTFYVKSSLSPDDQFLVSGSSDEAAYIWKVSTPWQPPTVLLGHSQEVTSVCWCPSDFTKIATCSDDNTLKIWRLNRGLEEKPGGDKLSTVGWASQKKKESRPGLVTVTSSQSTPAKAPRAKCNPSNSSPSSAACAPSCAGDLPLPSNTPTFSIKTSPAKARSPINRRGSVSSVSPKPPSSFKMSIRNWVTRTPSSSPPITPPASETKIMSPRKALIPVSQKSSQAEACSESRNRVKRRLDSSCLESVKQKCVKSCNCVTELDGQVENLHLDLCCLAGNQEDLSKDSLGPTKSSKIEGAGTSISEPPSPISPYASESCGTLPLPLRPCGEGSEMVGKENSSPENKNWLLAMAAKRKAENPSPRSPSSQTPNSRRQSGKKLPSPVTITPSSMRKICTYFHRKSQEDFCGPEHSTEL
FBXL2_FL,MVFSNNDEGLINKKLPKELLLRIFSFLDIVTLCRCAQISKAWNILALDGSNWQRIDLFNFQTDVEGRVVENISKRCGGFLRKLSLRGCIGVGDSSLKTFAQNCRNIEHLNLNGCTKITDSTCYSLSRFCSKLKHLDLTSCVSITNSSLKGISEGCRNLEYLNLSWCDQITKDGIEALVRGCRGLKALLLRGCTQLEDEALKHIQNYCHELVSLNLQSCSRITDEGVVQICRGCHRLQALCLSGCSNLTDASLTALGLNCPRLQILEAARCSHLTDAGFTLLARNCHELEKMDLEECILITDSTLIQLSIHCPKLQALSLSHCELITDDGILHLSNSTCGHERLRVLELDNCLLITDVALEHLENCRGLERLELYDCQQVTRAGIKRMRAQLPHVKVHAYFAPVTPPTAVAGSGQRLCRCCVIL
DCAF12_FL,MARKVVSRKRKAPASPGAGSDAQGPQFGWDHSLHKRKRLPPVKRSLVYYLKNREVRLQNETSYSRVLHGYAAQQLPSLLKEREFHLGTLNKVFASQWLNHRQVVCGTKCNTLFVVDVQTSQITKIPILKDREPGGVTQQGCGIHAIELNPSRTLLATGGDNPNSLAIYRLPTLDPVCVGDDGHKDWIFSIAWISDTMAVSGSRDGSMGLWEVTDDVLTKSDARHNVSRVPVYAHITHKALKDIPKEDTNPDNCKVRALAFNNKNKELGAVSLDGYFHLWKAENTLSKLLSTKLPYCRENVCLAYGSEWSVYAVGSQAHVSFLDPRQPSYNVKSVCSRERGSGIRSVSFYEHIITVGTGQGSLLFYDIRAQRFLEERLSACYGSKPRLAGENLKLTTGKGWLNHDETWRNYFSDIDFFPNAVYTHCYDSSGTKLFVAGGPLPSGLHGNYAGLWS
DCAF6_FL,MSRGGSYPHLLWDVRKRSLGLEDPSRLRSRYLGRREFIQRLKLEATLNVHDGCVNTICWNDTGEYILSGSDDTKLVISNPYSRKVLTTIRSGHRANIFSAKFLPCTNDKQIVSCSGDGVIFYTNVEQDAETNRQCQFTCHYGTTYEIMTVPNDPYTFLSCGEDGTVRWFDTRIKTSCTKEDCKDDILINCRRAATSVAICPPIPYYLAVGCSDSSVRIYDRRMLGTRATGNYAGRGTTGMVARFIPSHLNNKSCRVTSLCYSEDGQEILVSYSSDYIYLFDPKDDTARELKTPSAEERREELRQPPVKRLRLRGDWSDTGPRARPESERERDGEQSPNVSLMQRMSDMLSRWFEEASEVAQSNRGRGRSRPRGGTSQSDISTLPTVPSSPDLEVSETAMEVDTPAEQFLQPSTSSTMSAQAHSTSSPTESPHSTPLLSSPDSEQRQSVEASGHHTHHQSDNNNEKLSPKPGTGEPVLSLHYSTEGTTTSTIKLNFTDEWSSIASSSRGIGSHCKSEGQEESFVPQSSVQPPEGDSETKAPEESSEDVTKYQEGVSAENPVENHINITQSDKFTAKPLDSNSGERNDLNLDRSCGVPEESASSEKAKEPETSDQTSTESATNENNTNPEPQFQTEATGPSAHEETSTRDSALQDTDDSDDDPVLIPGARYRAGPGDRRSAVARIQEFFRRRKERKEMEELDTLNIRRPLVKMVYKGHRNSRTMIKEANFWGANFVMSGSDCGHIFIWDRHTAEHLMLLEADNHVVNCLQPHPFDPILASSGIDYDIKIWSPLEESRIFNRKLADEVITRNELMLEETRNTITVPASFMLRMLASLNHIRADRLEGDRSEGSGQENENEDEE
DCAF11_FL,MGSRNSSSAGSGSGDPSEGLPRRGAGLRRSEEEEEEDEDVDLAQVLAYLLRRGQVRLVQGGGAANLQFIQALLDSEEENDRAWDGRLGDRYNPPVDATPDTRELEFNEIKTQVELATGQLGLRRAAQKHSFPRMLHQRERGLCHRGSFSLGEQSRVISHFLPNDLGFTDSYSQKAFCGIYSKDGQIFMSACQDQTIRLYDCRYGRFRKFKSIKARDVGWSVLDVAFTPDGNHFLYSSWSDYIHICNIYGEGDTHTALDLRPDERRFAVFSIAVSSDGREVLGGANDGCLYVFDREQNRRTLQIESHEDDVNAVAFADISSQILFSGGDDAICKVWDRRTMREDDPKPVGALAGHQDGITFIDSKGDARYLISNSKDQTIKLWDIRRFSSREGMEASRQAATQQNWDYRWQQVPKKAWRKLKLPGDSSLMTYRGHGVLHTLIRCRFSPIHSTGQQFIYSGCSTGKVVVYDLLSGHIVKKLTNHKACVRDVSWHPFEEKIVSSSWDGNLRLWQYRQAEYFQDDMPESEECASAPAPVPQSSTPFSSPQ
DDB2_FL,QILPPCRSIVRTLHQHKLGRASWPSVQQGLQQSFLHTLDSYRILQKAAPFDRRATSLAWHPTHPSTVAVGSKGGDIMLWNFGIKDKPTFIKGIGAGGSITGLKFNPLNTNQFYASSMEGTTRLQDFKGNILRVFASSDTINIWFCSLDVSASSRMVVTGDNVGNVILLNMDGKELWNLRMHKKKVTHVALNPCCDWFLATASVDQTVKIWDLRQVRGKASFLYSLPHRHPVNAACFSPDGARLLTTDQKSEIRVYSASQWDCPLGLIPHPHRHFQHLTPIKAAWHPRYNLIVVGRYPDPNFKSCTPYELRTIDVFDGNSGKMMCQLYDPESSGISSLNEFNPMGDTLASAMGYHILIWSQEEARTRK
DCAF5_FL,MKRRAGLGGSMRSVVGFLSQRGLHGDPLLTQDFQRRRLRGCRNLYKKDLLGHFGCVNAIEFSNNGGQWLVSGGDDRRVLLWHMEQAIHSRVKPIQLKGEHHSNIFCLAFNSGNTKVFSGGNDEQVILHDVESSETLDVFAHEDAVYGLSVSPVNDNIFASSSDDGRVLIWDIRESPHGEPFCLANYPSAFHSVMFNPVEPRLLATANSKEGVGLWDIRKPQSSLLRYGGNLSLQSAMSVRFNSNGTQLLALRRRLPPVLYDIHSRLPVFQFDNQGYFNSCTMKSCCFAGDRDQYILSGSDDFNLYMWRIPADPEAGGIGRVVNGAFMVLKGHRSIVNQVRFNPHTYMICSSGVEKIIKIWSPYKQPGCTGDLDGRIEDDSRCLYTHEEYISLVLNSGSGLSHDYANQSVQEDPRMMAFFDSLVRREIEGWSSDSDSDLSESTILQLHAGVSERSGYTDSESSASLPRSPPPTVDESADNAFHLGPLRVTTTNTVASTPPTPTCEDAASRQQRLSALRRYQDKRLLALSNESDSEENVCEVELDTDLFPRPRSPSPEDESSSSSSSSSSEDEEELNERRASTWQRNAMRRRQKTTREDKPSAPIKPTNTYIGEDNYDYPQIKVDDLSSSPTSSPERSTSTLEIQPSRASPTSDIESVERKIYKAYKWLRYSYISYSNNKDGETSLVTGEADEGRAGTSHKDNPAPSSSKEACLNIAMAQRNQDLPPEGCSKDTFKEETPRTPSNGPGHEHSSHAWAEVPEGTSQDTGNSGSVEHPFETKKLNGKALSSRAEEPPSPPVPKASGSTLNSGSGNCPRTQSDDSEERSLETICANHNNGRLHPRPPHPHNNGQNLGELEVVAYSSPGHSDTDRDNSSLTGTLLHKDCCGSEMACETPNAGTREDPTDTPATDSSRAVHGHSGLKRQRIELEDTDSENSSSEKKLKT
SPSB2_FL,PDLSCPEGLEELLSAPPPDLGAQRRHGWNPKDCSENIEVKEGGLYFERRPVAQSTDGARGKRGYSRGLHAWEISWPLEQRGTHAVVGVATALAPLQTDHYAALLGSNSESWGWDIGRGKLYHQSKGPGAPQYPAGTQGEQLEVPERLLVVLDMEEGTLGYAIGGTYLGPAFRGLKGRTLYPAVSAVWGQCQVRIRYLGERRAEPHSLLHLSRLCVRHNLGDTRLGQVSALPLPPAMKRYLLYQ
KLHL11_FL,MAAAAVAAAAAAAAAASLQVLEMESMETAAAGSAGLAAEVRGSGTVDFGPGPGISAMEASGGDPGPEAEDFECSSHCSELSWRQNEQRRQGLFCDITLCFGGAGGREFRAHRSVLAAATEYFTPLLSGQFSESRSGRVEMRKWSSEPGPEPDTVEAVIEYMYTGRIRVSTGSVHEVLELADRFLLIRLKEFCGEFLKKKLHLSNCVAIHSLAHMYTLSQLALKAADMIRRNFHKVIQDEEFYTLPFHLIRDWLSDLEITVDSEEVLFETVLKWVQRNAEERERYFEELFKLLRLSQMKPTYLTRHVKPERLVANNEVCVKLVADAVERHALRAENIQSGTCQHPTSHVSLLPRYGQNMDVIMVIGGVSEGGDYLSECVGYFVDEDRWVNLPHIHNHLDGHAVAVTESYVYVAGSMEPGFAKTVERYNPNLNTWEHVCSLMTRKHSFGLTEVKGKLYSIGGHGNFSPGFKDVTVYNPELDKWHNLESAPKILRDVKALAIEDRFVYIAARTPVDRDTEDGLKAVITCYDTETRQWQDVESLPLIDNYCFFQMSVVNSNFYQTASCCPKSYCLENEEAVRKIASQVSDEILESLPPEVLSIEGAAICYYKDDVFIIGGWKNSDDIDKQYRKEAYRYCAERKRWMLLPPMPQPRCRATACHVRIPYRYLHGTQRYPMPQNLMWQKDRIRQMQEIHRHALNMRRVPSSQIEC
FBXO31_FL,MASWSHPQFEKGRSLLELPPELLVEIFASLPGTDLPSLAQVCTKFRRILHTDTIWRRRCREEYGVCENLRKLEITGVSCRDVYAKLLHRYRHILGLWQPDIGPYGGLLNVVVDGLFIIGWMYLPPHDPHVDDPMRFKPLFRIHLMERKAATVECMYGHKGPHHGHIQIVKKDEFSTKCNQTDHHRMSGGRQEEFRTWLREEWGRTLEDIFHEHMQELILMKFIYTSQYDNCLTYRRIYLPPSRPDDLIKPGLFKGTYGSHGLEIVMLSFHGRRARGTKITGDPNIPAGQQTVEIDLRHRIQLPDLENQRNFNELSRIVLEVRERVRQEQQEGGHEAGEGRGRQGPRESQPSPAQPRAEAPSKGPDGTPGEDGGEPGDAVAAAEQPAQCGQGQPFVLPVGVSSRNEDYPRTCRMCFYGTGLIAGHGFTSPERTPGVFILFDEDRFGFVWLELKSFSLYSRVQATFRNADAPSPQAFDEMLKNIQSLTS
FBXO44_FL,MAVGNINELPENILLELFTHVPARQLLLNCRLVCSLWRDLIDLVTLWKRKCLREGFITEDWDQPVADWKIFYFLRSLHRNLLHNPCAEEGFEFWSLDVNGGDEWKVEDLSRDQRKEFPNDQVKKYFVTSYYTCLKSQVVDLKAEGYWEELMDTTRPDIEVKDWFAARPDCGSKYQLCVQLLSSAHAPLGTFQPDPATIQQKSDAKWREVSHTFSNYPPGVRYIWFQHGGVDTHYWAGWYGPRVTNSSITIGPPLP
TRPC4AP_FL,MAAAPVAAGSGAGRGRRSAATVAAWGGWGGRPRPGNILLQLRQGQLTGRGLVRAVQFTETFLTERDKQSKWSGIPQLLLKLHTTSHLHSDFVECQNILKEISPLLSMEAMAFVTEERKLTQETTYPNTYIFDLFGGVDLLVEILMRPTISIRGQKLKISDEMSKDCLSILYNTCVCTEGVTKRLAEKNDFVIFLFTLMTSKKTFLQTATLIEDILGVKKEMIRLDEVPNLSSLVSNFDQQQLANFCRILAVTISEMDTGNDDKHTLLAKNAQQKKSLSLGPSAAEINQAALLSIPGFVERLCKLATRKVSESTGTASFLQELEEWYTWLDNALVLDALMRVANEESEHNQASIVFPPPGASEENGLPHTSARTQLPQSMKIMHEIMYKLEVLYVLCVLLMGRQRNQVHRMIAEFKLIPGLNNLFDKLIWRKHSASALVLHGHNQNCDCSPDITLKIQFLRLLQSFSDHHENKYLLLNNQELNELSAISLKANIPEVEAVLNTDRSLVCDGKRGLLTRLLQVMKKEPAESSFRFWQARAVESFLRGTTSYADQMFLLKRGLLEHILYCIVDSECKSRDVLQSYFDLLGELMKFNVDAFKRFNKYINTDAKFQVFLKQINSSLVDSNMLVRCVTLSLDRFENQVDMKVAEVLSECRLLAYISQVPTQMSFLFRLINIIHVQTLTQENVSCLNTSLVILMLARRKERLPLYLRLLQRMEHSKKYPGFLLNNFHNLLRFWQQHYLHKDKDSTCLENSSCISFSYWKETVSILLNPDRQSPSALVSYIEEPYMDIDRDFTEE
KBTBD4,MESPEEPGASMDENYFVNYTFKDRSHSGRVAQGIMKLCLEEELFADVTISVEGREFQLHRLVLSAQSCFFRSMFTSNLKEAHNRVIVLQDVSESVFQLLVDYIYHGTVKLRAEELQEIYEVSDMYQLTSLFEECSRFLARTVQVGNCLQVMWLADRHSDPELYTAAKHCAKTHLAQLQNTEEFLHLPHRLLTDIISDGVPCSQNPTEAIEAWINFNKEEREAFAESLRTSLKEIGENVHIYLIGKESSRTHSLAVSLHCAEDDSISVSGQNSLCHQITAACKHGGDLYVVGGSIPRRMWKCNNATVDWEWCAPLPRDRLQHTLVSVPGKDAIYSLGGKTLQDTLSNAVIYYRVGDNVWTETTQLEVAVSGAAGANLNGIIYLLGGEENDLDFFTKPSRLIQCFDTETDKCHVKPYVLPFAGRMHAAVHKDLVFIVAEGDSLVCYNPLLDSFTRLCLPEAWSSAPSLWKIASCNGSIYVFRDRYKKGDANTYKLDPATSAVTVTRGIKVLLTNLQFVLA
DET1_FL,MDHHVSTIKPRRIQNQNVIHRLERRRISSGKAGTHWHQVRVFHQNVFPNFTVVNVEKPPCFLRKFSPDGRYFIAFSSDQTSLEIYEYQGCQAAEDLLQGYEGEILSNGNDQRSVNIRGRLFERFFVLLHITNVAANGEHLNRECSLFTDDCRCVIVGSAAYLPDEPHPPFFEVYRNSESVTPNPRSPLEDYSLHIIDLHTGRLCDTRTFKCDKVVLSHNQGLYLYKNILAILSVQQQTIHVFQVTPEGTFIDVRTIGRFCYEDDLLTVSAVFPEVQRDSQTGMANPFRDPFINSLKHRLLVYLWRRAEQDGSAMAKRRFFQYFDQLRQLRMWKMQLLDENHLFIKYTSEDVVTLRVTDPSQASFFVVYNMVTTEVIAVFENTSDELLELFENFCDLFRNATLHSEVQFPCSASSNNFARQIQRRFKDTIINAKYGGHTEAVRRLLGQLPISAQSYSGSPYLDLSLFSYDDKWVSVMERPKTCGDHPIRFYARDSGLLKFEIQAGLLGRPINHTVRRLVAFTFHPFEPFAISVQRTNAEYVVNFHMRHCCT
FBXO4_FL,MAGSEPRSGTNSPPPPFSDWGRLEAAILSGWKTFWQSVSKERVARTTSREEVDEAASTLTRLPIDVQLYILSFLSPHDLCQLGSTNHYWNETVRDPILWRYFLLRDLPSWSSVDWKSLPDLEILKKPISEVTDGAFFDYMAVYRMCCPYTRRASKSSRPMYGAVTSFLHSLIIQNEPRFAMFGPGLEELNTSLVLSLMSSEELCPTAGLPQRQIDGIGSGVNFQLNNQHKFNILILYSTTRKERDRAREEHTSAVNKMFSRHNEGDDQQGSRYSVIPQIQKVCEVVDGFIYVANAEAHKRHEWQDEFSHIMAMTDPAFGSSGRPLLVLSCISQGDVKRMPCFYLAHELHLNLLNHPWLVQDTEAETLTGFLNGIEWILEEVESKRAR
FBXL3_FL,MKRGGRDSDRNSSEEGTAEKSKKLRTTNEHSQTCDWGNLLQDIILQVFKYLPLLDRAHASQVCRNWNQVFHMPDLWRCFEFELNQPATSYLKATHPELIKQIIKRHSNHLQYVSFKVDSSKESAEAACDILSQLVNCSLKTLGLISTARPSFMDLPKSHFISALTVVFVNSKSLSSLKIDDTPVDDPSLKVLVANNSDTLKLLKMSSCPHVSPAGILCVADQCHGLRELALNYHLLSDELLLALSSEKHVRLEHLRIDVVSENPGQTHFHTIQKSSWDAFIRHSPKVNLVMYFFLYEEEFDPFFRYEIPATHLYFGRSVSKDVLGRVGMTCPRLVELVVCANGLRPLDEELIRIAERCKNLSAIGLGECEVSCSAFVEFVKMCGGRLSQLSIMEEVLIPDQKYSLEQIHWEVSKHLGRVWFPDMMPTW
KLHL7_FL,MAASGVEKSSKKKTEKKLAAREEAKLLAGFMGVMNNMRKQKTLCDVILMVQERKIPAHRVVLAAASHFFNLMFTTNMLESKSFEVELKDAEPDIIEQLVEFAYTARISVNSNNVQSLLDAANQYQIEPVKKMCVDFLKEQVDASNCLGISVLAECLDCPELKATADDFIHQHFTEVYKTDEFLQLDVKRVTHLLNQDTLTVRAEDQVYDAAVRWLKYDEPNRQPFMVDILAKVRFPLISKNFLSKTVQAEPLIQDNPECLKMVISGMRYHLLSPEDREELVDGTRPRRKKHDYRIALFGGSQPQSCRYFNPKDYSWTDIRCPFEKRRDAACVFWDNVVYILGGSQLFPIKRMDCYNVVKDSWYSKLGPPTPRDSLAACAAEGKIYTSGGSEVGNSALYLFECYDTRTESWHTKPSMLTQRCSHGMVEANGLIYVCGGSLGNNVSGRVLNSCEVYDPATETWTELCPMIEARKNHGLVFVKDKIFAVGGQNGLGGLDNVEYYDIKLNEWKMVSPMPWKGVTVKCAAVGSIVYVLAGFQGVGRLGHILEYNTETDKWVANSKVRAFPVTSCLICVVDTCGANEETLET
ZER1_FL,MASDTPESLMALCTDFCLRNLDGTLGYLLDKETLRLHPDIFLPSEICDRLVNEYVELVNAACNFEPHESFFSLFSDPRSTRLTRIHLREDLVQDQDLEAIRKQDLVELYLTNCEKLSAKSLQTLRSFSHTLVSLSLFGCTNIFYEEENPGGCEDEYLVNPTCQVLVKDFTFEGFSRLRFLNLGRMIDWVPVESLLRPLNSLAALDLSGIQTSDAAFLTQWKDSLVSLVLYNMDLSDDHIRVIVQLHKLRHLDISRDRLSSYYKFKLTREVLSLFVQKLGNLMSLDISGHMILENCSISKMEEEAGQTSIEPSKSSIIPFRALKRPLQFLGLFENSLCRLTHIPAYKVSGDKNEEQVLNAIEAYTEHRPEITSRAINLLFDIARIERCNQLLRALKLVITALKCHKYDRNIQVTGSAALFYLTNSEYRSEQSVKLRRQVIQVVLNGMESYQEVTVQRNCCLTLCNFSIPEELEFQYRRVNELLLSILNPTRQDESIQRIAVHLCNALVCQVDNDHKEAVGKMGFVVTMLKLIQKKLLDKTCDQVMEFSWSALWNITDETPDNCEMFLNFNGMKLFLDCLKEFPEKQELHRNMLGLLGNVAEVKELRPQLMTSQFISVFSNLLESKADGIEVSYNACGVLSHIMFDGPEAWGVCEPQREEVEERMWAAIQSWDINSRRNINYRSFEPILRLLPQGISPVSQHWATWALYNLVSVYPDKYCPLLIKEGGMPLLRDIIKMATARQETKEMARKVIEHCSNFKEENMDTSR
KLHL20_FL,MEGKPMRRCTNIRPGETGMDVTSRCTLGDPNKLPEGVPQPARMPYISDKHPRQTLEVINLLRKHRELCDVVLVVGAKKIYAHRVILSACSPYFRAMFTGELAESRQTEVVIRDIDERAMELLIDFAYTSQITVEEGNVQTLLPAACLLQLAEIQEACCEFLKRQLDPSNCLGIRAFADTHSCRELLRIADKFTQHNFQEVMESEEFMLLPANQLIDIISSDELNVRSEEQVFNAVMAWVKYSIQERRPQLPQVLQHVRLPLLSPKFLVGTVGSDPLIKSDEECRDLVDEAKNYLLLPQERPLMQGPRTRPRKPIRCGEVLFAVGGWCSGDAISSVERYDPQTNEWRMVASMSKRRCGVGVSVLDDLLYAVGGHDGSSYLNSVERYDPKTNQWSSDVAPTSTCRTSVGVAVLGGFLYAVGGQDGVSCLNIVERYDPKENKWTRVASMSTRRLGVAVAVLGGFLYAVGGSDGTSPLNTVERYNPQENRWHTIAPMGTRRKHLGCAVYQDMIYAVGGRDDTTELSSAERYNPRTNQWSPVVAMTSRRSGVGLAVVNGQLMAVGGFDGTTYLKTIEVFDPDANTWRLYGGMNYRRLGGGVGVIKMTHCESHIW
WDTC1_FL,MAKVNITRDLIRRQIKERGALSFERRYHVTDPFIRRLGLEAELQGHSGCVNCLEWNEKGDLLASGSDDQHTIVWDPLHHKKLLSMHTGHTANIFSVKFLPHAGDRILITGAADSKVHVHDLTVKETIHMFGDHTNRVKRIATAPMWPNTFWSAAEDGLIRQYDLRENSKHSEVLIDLTEYCGQLVEAKCLTVNPQDNNCLAVGASGPFVRLYDIRMIHNHRKSMKQSPSAGVHTFCDRQKPLPDGAAQYYVAGHLPVKLPDYNNRLRVLVATYVTFSPNGTELLVNMGGEQVYLFDLTYKQRPYTFLLPRKCHSSGEVQNGKMSTNGVSNGVSNGLHLHSNGFRLPESRGHVSPQVELPPYLERVKQQANEAFACQQWTQAIQLYSKAVQRAPHNAMLYGNRAAAYMKRKWDGDHYDALRDCLKAISLNPCHLKAHFRLARCLFELKYVAEALECLDDFKGKFPEQAHSSACDALGRDITAALFSKNDGEEKKGPGGGAPVRLRSTSRKDSISEDEMVLRERSYDYQFRYCGHCNTTTDIKEANFFGSNAQYIVSGSDDGSFFIWEKETTNLVRVLQGDESIVNCLQPHPSYCFLATSGIDPVVRLWNPRPESEDLTGRVVEDMEGASQANQRRMNADPLEVMLLNMGYRITGLSSGGAGASDDEDSSEGQVQCRPS
FBXL17_FL,MGSRNSSSAGSGSGDPSEGLPRRGAGLRRSEEEEEEDEDVDLAQVLAYLLRRGQVRLVQGGGAANLQFIQALLDSEEENDRAWDGRLGDRYNPPVDATPDTRELEFNEIKTQVELATGQLGLRRAAQKHSFPRMLHQRERGLCHRGSFSLGEQSRVISHFLPNDLGFTDSYSQKAFCGIYSKDGQIFMSACQDQTIRLYDCRYGRFRKFKSIKARDVGWSVLDVAFTPDGNHFLYSSWSDYIHICNIYGEGDTHTALDLRPDERRFAVFSIAVSSDGREVLGGANDGCLYVFDREQNRRTLQIESHEDDVNAVAFADISSQILFSGGDDAICKVWDRRTMREDDPKPVGALAGHQDGITFIDSKGDARYLISNSKDQTIKLWDIRRFSSREGMEASRQAATQQNWDYRWQQVPKKAWRKLKLPGDSSLMTYRGHGVLHTLIRCRFSPIHSTGQQFIYSGCSTGKVVVYDLLSGHIVKKLTNHKACVRDVSWHPFEEKIVSSSWDGNLRLWQYRQAEYFQDDMPESEECASAPAPVPQSSTPFSSPQ
DCAF15_cut3,SPRLFRKLPPRVCVSLKNIVDEDFLYAGHIFLGFSKCGRYVLSYTSSSGDDDFSFYIYHLYWWEFNVHSKLKLVRQVRLFQDEEIYSDLYLTVCEWPSDASKVIVFGFNTRSANGMLMNMMMMSDENHRDIYVSTVAVPPPGRCAACQDASRAHPGDPNAQCLRHGFMLHTKYQVVYPFPTFQPAFQLKKDQVVLLNTSYSLVACAVSVHS:VNYTKLYYVLESGEGTEPEDELEDDKISLPFVVTDLRGRNLRPMRERTAVQGQYLTVEQLTLDFEYVINEVIRHDATWGHQFCSFSDYDIVILEVCPETNQVLINIGLLLLAFP:KTYHTSLKVAWDLNTGIFETVSVGDLTEVKGQTSGSVWSSYRKSCVDMVMKWLVPESSGRYVNRMTNEALHKGCSLKVLADSERYTWIVL
BTRC_trimmed,DFITALPARGLDHIAENILSYLDAKSLCAAELVCKEWYRVTSDGMLWKKLIERMVRTDSLWRGLAERRGWGQYLF:APPNSFYRALYPKIIQDIETIESNWRCGRHSLQRIHCRSETSKGVYCLQYDDQKIVSGLRDNTIKIWDKNTLECKRILTGHTGSVLCLQYDERVIITGSSDSTVRVWDVNTGEMLNTLIHHCEAVLHLRFNNGMMVTCSKDRSIAVWDMASPTDITLRRVLVGHRAAVNVVDFDDKYIVSASGDRTIKVWNTSTCEFVRTLNGHKRGIACLQYRDRLVVSGSSDNTIRLWDIECGACLRVLEGHEELVRCIRFDNKRIVSGAYDGKIKVWDLVAALDPRAPAGTLCLRTLVEHSGRVFRLQFDEFQIVSSSHDDTILIWDFLND
CRBN_trimmed,FDTSLPTSHTYLGADMEEFHGRTLHDDDSCQVIPVLPQVMMILIPGQTLPLQLFHPQEVSMVRNLIQKDRTFAVLAYSNVQEREAQFGTTAEIYAYREEQDFGIEIVKVKAIGRQRFKVLELRTQSDGIQQAKVQILPECVLPSTMSAVQLESLNKC:DQCSYKWWQKYQKRKFHCANLTSWPRWLYSLYDAETLMDRIKKQLREW:DDSLPSNPIDFSYRVAACLPIDDVLRIQLLKIGSAIQRLRCELDIMNKCTSLCCKQCQETEITTKNEIFSLSLCGPMAAYVNPHGYVHETLTVYKACNLNLIGRPSTEHSWFPGYAWTVAQCKICASHIGWKFTATKKDMSPQKFWGLTRSALLPT
DDB2_trimmed,SIVRTLHQHKLGRASWPSVQQGLQQSFLHTLDSYRILQKAAPFDRRATSLAWHPTHPSTVAVGSKGGDIMLWNFGIKDKPTFIKGIGAGGSITGLKFNPLNTNQFYASSMEGTTRLQDFKGNILRVFASSDTINIWFCSLDVSASSRMVVTGDNVGNVILLNMDGKELWNLRMHKKKVTHVALNPCCDWFLATASVDQTVKIWDLRQVRGKASFLYSLPHRHPVNAACFSPDGARLLTTDQKSEIRVYSASQWDCPLGLIPHPHRHFQHLTPIKAAWHPRYNLIVVGRYPD:RTIDVFDGNSGKMMCQLYDPESSGISSLNEFNPMGDTLASAMGYHILIWSQEE
FBXW7_trimmed,KELALYVLSFLEPKDLLQAAQTCRYWRILAEDNLLWREKCKEEGIDEPLHI:HSPWKSAYIRQHRIDTNWRRGELKSPKVLKGHDDHVITCLQFCGNRIVSGSDDNTLKVWSAVTGKCLRTLVGHTGGVWSSQMRDNIIISGSTDRTLKVWNAETGECIHTLYGHTSTVRCMHLHEKRVVSGSRDATLRVWDIETGQCLHVLMGHVAAVRCVQYDGRRVVSGAYDFMVKVWDPETETCLHTLQGHTNRVYSLQFDGIHVVSGSLDTSIRVWDVETGNCIHTLTGHQSLTSGMELKDNILVSGNADSTVKIWDIKTGQCLQTLQGPNKHQSAVTCLQFNKNFVITSSDDGTVKLWDLKTGEFIRNLVTLESGGSGGVVWRIRASNTKLVCAVGSRNGTEETKLLVLDFDVDMK
KLHDC2_trimmed,ELACPAERSGHVAVSDGRHMFVWGGYKSN:DFYLPREELWIYNMETGRWKKINTEGDVPPSMSGSCAVCVDRVLYLFGGHHSRGNTNKFYMLDSRSTDRVLQWERIDCQGIPPSSKDKLGVWVYKNKLIFFGGYGYLPEDKVLGTFEFDETSFWNSSHPRGWNDHVHILDTETFTWSQPITTGKAPSPRAAHACATVGNRGFVFGGRYRDARMNDLHYLNLDTWEWNELIPQGICPVGRSWHSLTPVSSDHLFLFGGFTTDKQPLSDAWTYCISKNEWIQFNHPYTEKPRLWHTACASDEGEVIVFGGCANNLLVHHRAAHSNEILIFSVQPKSLVRLSLEAVICFKEMLANSWNCLPKHLLHSVNQRFG
KLHL6_trimmed,LSLILQNGLETLRMENALTDVILCVDIQEFSCHRVVLAAASNYFRAMFCNDLKEKYEKRIIIKGVDAETMHTLLDYTYTSKALITKQNVQRVLEAANLFQFLRMVDACASFLTEALNPENCVGILRLADTHSLDSLKKQVQSYIIQNFVQILNSEEFLDLPVDTLHHILKSDDLYVTEEAQVFETVMSWVRHKPSERLCLLPYVLENVRLPLLDPWYFVETVEADPLIRQCPEVFPLLQEARMYHLSG:QSEVFMIIGGCTKDERFVAEVTCLDPLRRSRLEVAKLPLTEHELESENKKWVEFACVTLKNEVYISGGKETQHDVWKYNSSINKWIQIEYLNIGRWRHKMVVLGGKVYVIGGFDGLQRINNVETYDPFHNCWSEAAPLLVHVSSFAATSHKKKLYVIGGGPNGKLATDKTQCYDPSTNKWSLKAAMPVEAKCINAVSFRDRIYVVGGAMRALYAYSPLEDSWCLVTQLSHERASCGIAPCNNRLYITGGRDEKNEVIATVLCWDPEAQKLTEECVLPRGVSHHGSVTIRKSY
VHL_trimmed,PRPVLRSVNSREPSQVIFCNRSPRVVLPVWLNFDGEPQPYPTLPPGTGRRIHSYRGHLWLFRDAGTHDGLLVNQTELFVPSLNVDGQPIFANITLPVYTLKERCLQVVRSLVKPENYRRLDIVRSLYEDLEDHPNVQKDLERLTQERIAHQRMGD
DCAF5_trimmed,MKRRAGLGGSMRSVVGFLSQRGLHGDPLLTQDFQRRRLRGCRNLYKKDLLGHFGCVNAIEFSNNGGQWLVSGGDDRRVLLWHMEQAIHSRVKPIQLKGEHHSNIFCLAFNSGNTKVFSGGNDEQVILHDVESSETLDVFAHEDAVYGLSVSPVNDNIFASSSDDGRVLIWDIRESPHGEPFCLANYPSAFHSVMFNPVEPRLLATANSKEGVGLWDIRKPQSSLLRYGGNLSLQSAMSVRFNSNGTQLLALRRRLPPVLYDIHSRLPVFQFDNQGYFNSCTMKSCCFAGDRDQYILSGSDDFNLYMWRIPADPEAGGIGRVVNGAFMVLKGHRSIVNQVRFNPHTYMICSSGVEKIIKIWSPYKQPGCTGDLDGRIEDDSRCLYTHEEYISLVLNSGSGLSHDYANQSVQEDPRMMAFFDSLVRREIEGWSSDSDSDLSESTILQLHAG